track_id,track_name,artist_name,album_name,release_date,popularity,duration_ms,explicit,playlist_source,playlist_id,city,artist_genres,artist_popularity,artist_followers,track_popularity,preview_url,markets_available
4LwU4Vp6od3Sb08CsP99GC,The Next Episode,Dr. Dre,2001,1999-11-16,83,161506,True,Los Angeles Rap,6fAL0j7d6ajQ3vJtm0l6DK,Los Angeles,"old school hip hop, g-funk, gangster rap, west coast hip hop, hip hop, rap",82,14507793,83,,184
1jG29zp5Xmo9PdDdf1b6mO,Face Down,Mustard,10 Summers,2014-08-11,49,267226,True,Los Angeles Rap,6fAL0j7d6ajQ3vJtm0l6DK,Los Angeles,,73,1747108,49,,180
1ZX8sOGnVyE5FZBh1oKzZa,I Just Wanna Party,YG,My Krazy Life (Deluxe),2014-01-01,0,212253,True,Los Angeles Rap,6fAL0j7d6ajQ3vJtm0l6DK,Los Angeles,,76,3462812,0,,0
4YtoipFgf4k0AfD17ZfD5X,"Nuthin' But A ""G"" Thang",Dr. Dre,The Chronic,1992-12-15,5,238466,True,Los Angeles Rap,6fAL0j7d6ajQ3vJtm0l6DK,Los Angeles,"old school hip hop, g-funk, gangster rap, west coast hip hop, hip hop, rap",82,14507793,5,,0
4PmMVdIFpJTB9WQbmILf4p,How We Do,The Game,The Documentary,2005,78,235533,True,Los Angeles Rap,6fAL0j7d6ajQ3vJtm0l6DK,Los Angeles,"west coast hip hop, gangster rap, hip hop",73,5114414,78,,183
1tdc73ozehKPyRWRKs0lja,BPT,YG,My Krazy Life (Deluxe),2014-01-01,0,128013,True,Los Angeles Rap,6fAL0j7d6ajQ3vJtm0l6DK,Los Angeles,,76,3462812,0,,0
4ISIMO6EMPq9auijVz0MoB,Put You On The Game,The Game,The Documentary / Doctor's Advocate,2009-01-01,0,254133,True,Los Angeles Rap,6fAL0j7d6ajQ3vJtm0l6DK,Los Angeles,"west coast hip hop, gangster rap, hip hop",73,5114414,0,,0
1ffT2FC35n20u3TWyoomXP,Why You Always Hatin?,YG,Why You Always Hatin?,2016-05-22,0,198346,True,Los Angeles Rap,6fAL0j7d6ajQ3vJtm0l6DK,Los Angeles,,76,3462812,0,,0
38soOabhF8UVIIN0AWajJm,Westside Story,The Game,The Documentary / Doctor's Advocate,2009-01-01,0,223066,True,Los Angeles Rap,6fAL0j7d6ajQ3vJtm0l6DK,Los Angeles,"west coast hip hop, gangster rap, hip hop",73,5114414,0,,0
1heUTaryu6xDcGk7NJLVnF,Real Muthaphuckkin G's,Eazy-E,It's On (Dr. Dre) 187um Killa,1993-10-25,0,332626,True,Los Angeles Rap,6fAL0j7d6ajQ3vJtm0l6DK,Los Angeles,"gangster rap, old school hip hop, west coast hip hop, g-funk",67,6902082,0,,0
3jGnPHFrBCTdtEXbfweXgH,Dope Boys,The Game,LAX,2008-01-01,0,240506,True,Los Angeles Rap,6fAL0j7d6ajQ3vJtm0l6DK,Los Angeles,"west coast hip hop, gangster rap, hip hop",73,5114414,0,,0
3Q9QGamJUf6y6DU0MJ8jBd,Who Ride Wit Us,Kurupt,Tha Streetz Iz A Mutha (Digitally Remastered),2012-10-24,51,261173,True,Los Angeles Rap,6fAL0j7d6ajQ3vJtm0l6DK,Los Angeles,"g-funk, west coast hip hop, gangster rap, old school hip hop",64,764305,51,,185
0LFcFGLYTX6UmeIdO7NVd7,Ali Bomaye,The Game,Jesus Piece (Deluxe),2012-01-01,65,372706,True,Los Angeles Rap,6fAL0j7d6ajQ3vJtm0l6DK,Los Angeles,"west coast hip hop, gangster rap, hip hop",73,5114414,65,,165
3YLrUBLLRGUEY1URhbtiLK,Smooth Sailin',Roscoe,Young Roscoe Philaphornia,2003-01-01,41,237013,True,Los Angeles Rap,6fAL0j7d6ajQ3vJtm0l6DK,Los Angeles,"g-funk, west coast hip hop",31,33015,41,,183
503OTo2dSqe7qk76rgsbep,Still D.R.E.,Dr. Dre,2001,1999-11-16,86,270586,True,Los Angeles Rap,6fAL0j7d6ajQ3vJtm0l6DK,Los Angeles,"old school hip hop, g-funk, gangster rap, west coast hip hop, hip hop, rap",82,14507793,86,,184
1RPhSs2lDYKjDsELKtPvQd,Get Your Walk On,Xzibit,Restless,2000-04-02,56,219840,True,Los Angeles Rap,6fAL0j7d6ajQ3vJtm0l6DK,Los Angeles,"west coast hip hop, gangster rap, g-funk, old school hip hop, hardcore hip hop, hip hop",68,2202413,56,,185
0Ed7MeXx64f6OcIuoTRCg1,Xxplosive,Dr. Dre,2001,1999-11-16,74,215200,True,Los Angeles Rap,6fAL0j7d6ajQ3vJtm0l6DK,Los Angeles,"old school hip hop, g-funk, gangster rap, west coast hip hop, hip hop, rap",82,14507793,74,,184
0WKYRFtH6KKbaNWjsxqm70,Gin And Juice (feat. Dat Nigga Daz),Snoop Dogg,Doggystyle,1993,5,211493,True,Los Angeles Rap,6fAL0j7d6ajQ3vJtm0l6DK,Los Angeles,"g-funk, west coast hip hop, gangster rap, hip hop, old school hip hop, rap",85,15038958,5,,0
1U8Ho1nOzKXYDvfigOuHG4,Kush - Main,Dr. Dre,Kush,2010-11-18,67,235120,True,Los Angeles Rap,6fAL0j7d6ajQ3vJtm0l6DK,Los Angeles,"old school hip hop, g-funk, gangster rap, west coast hip hop, hip hop, rap",82,14507793,67,,109
4675yUu8AUbE72T94BkLCD,Beautiful,Snoop Dogg,The Best Of Snoop Dogg,2005-01-01,68,299146,True,Los Angeles Rap,6fAL0j7d6ajQ3vJtm0l6DK,Los Angeles,"g-funk, west coast hip hop, gangster rap, hip hop, old school hip hop, rap",85,15038958,68,,184
7L7JF5RZ2s5Pb0qSV3V5cW,No Vaseline,Ice Cube,Death Certificate,1991-10-29,0,312466,True,Los Angeles Rap,6fAL0j7d6ajQ3vJtm0l6DK,Los Angeles,"gangster rap, west coast hip hop, old school hip hop, g-funk",76,10641589,0,,0
5XhkV07Vou38wnrzwURUOC,Who Am I (What's My Name)?,Snoop Dogg,Doggystyle,1993,6,246320,True,Los Angeles Rap,6fAL0j7d6ajQ3vJtm0l6DK,Los Angeles,"g-funk, west coast hip hop, gangster rap, hip hop, old school hip hop, rap",85,15038958,6,,0
2qOm7ukLyHUXWyR4ZWLwxA,It Was A Good Day,Ice Cube,The Predator,1992-11-17,84,260000,True,Los Angeles Rap,6fAL0j7d6ajQ3vJtm0l6DK,Los Angeles,"gangster rap, west coast hip hop, old school hip hop, g-funk",76,10641589,84,,170
4rLpAOk5KVNcqEMK3m6Lje,"Ain't No Fun (If the Homies Cant Have None) (feat. Nate Dogg, Warren G & Kurupt)",Snoop Dogg,Doggystyle,1993,3,246346,True,Los Angeles Rap,6fAL0j7d6ajQ3vJtm0l6DK,Los Angeles,"g-funk, west coast hip hop, gangster rap, hip hop, old school hip hop, rap",85,15038958,3,,0
3NGT0Td7H4Is1qrlDQJxma,Check Yo Self - Remix,Ice Cube,Bootlegs And B-Sides,1994-11-22,73,273106,True,Los Angeles Rap,6fAL0j7d6ajQ3vJtm0l6DK,Los Angeles,"gangster rap, west coast hip hop, old school hip hop, g-funk",76,10641589,73,,184
1rylJ0VXvhOzLGNm401iaI,Keep Their Heads Ringin',Dr. Dre,Keep Their Heads Ringin',1995-03-07,72,310226,True,Los Angeles Rap,6fAL0j7d6ajQ3vJtm0l6DK,Los Angeles,"old school hip hop, g-funk, gangster rap, west coast hip hop, hip hop, rap",82,14507793,72,,182
4r13PlX7hKjNxdyq5ukR5A,You Can Do It - Feat. Mack 10 And Ms Toi,Ice Cube,War & Peace Vol. 2 (The Peace Disc),2000-03-21,1,259160,True,Los Angeles Rap,6fAL0j7d6ajQ3vJtm0l6DK,Los Angeles,"gangster rap, west coast hip hop, old school hip hop, g-funk",76,10641589,1,,0
28SF0lKRqso9SSTDpbv991,Foe Life,Mack 10,Mack 10,1995-01-01,55,253800,True,Los Angeles Rap,6fAL0j7d6ajQ3vJtm0l6DK,Los Angeles,"g-funk, west coast hip hop, gangster rap, old school hip hop",59,761373,55,,184
62duQFVb51gug9ajR6Qdiz,Gangsta Rap Made Me Do It,Ice Cube,Raw Footage,2008-01-01,66,281653,True,Los Angeles Rap,6fAL0j7d6ajQ3vJtm0l6DK,Los Angeles,"gangster rap, west coast hip hop, old school hip hop, g-funk",76,10641589,66,,183
3AHduOpEg5sb3Z6h7urFdK,Connected For Life,Mack 10,Bang Or Ball,2001-01-01,49,263826,True,Los Angeles Rap,6fAL0j7d6ajQ3vJtm0l6DK,Los Angeles,"g-funk, west coast hip hop, gangster rap, old school hip hop",59,761373,49,,56
1w9QuE82GTtADusjV8LM3m,The Streets,WC,Ghetto Heisman,2010-09-21,0,227866,True,Los Angeles Rap,6fAL0j7d6ajQ3vJtm0l6DK,Los Angeles,"west coast hip hop, g-funk, gangster rap, old school hip hop",47,499427,0,,0
2nclWGpHxqsdJJfUIko1xA,Hate In Yo Eyes,Mack 10,Bang Or Ball,2001-01-01,50,313346,True,Los Angeles Rap,6fAL0j7d6ajQ3vJtm0l6DK,Los Angeles,"g-funk, west coast hip hop, gangster rap, old school hip hop",59,761373,50,,56
4YuB1FfHITrrTBY6qkNtJd,Leave My Curl Alone,Hi-C,Skanless,1991,23,195800,False,Los Angeles Rap,6fAL0j7d6ajQ3vJtm0l6DK,Los Angeles,"g-funk, west coast hip hop, gangster rap",36,118655,23,,185
63LiOsvf1w1DSbmjbxjh4b,It's Funky Enough - Remastered Single,The D.O.C.,No One Can Do It Better,1989,56,269973,False,Los Angeles Rap,6fAL0j7d6ajQ3vJtm0l6DK,Los Angeles,"west coast hip hop, old school hip hop, g-funk, gangster rap",45,438775,56,,184
4BmWbWeiHVAv6lMabQTn3Y,The Next Episode - Instrumental,Dr. Dre,2001 Instrumental,1999-11-17,48,161293,False,Los Angeles Rap,6fAL0j7d6ajQ3vJtm0l6DK,Los Angeles,"old school hip hop, g-funk, gangster rap, west coast hip hop, hip hop, rap",82,14507793,48,,182
1Bb4N37i8yjPRZnaL0rJLn,"Paper'd Up - Feat. Mr. Kane, Tracy Nelson",Snoop Dogg,Paid Tha Cost To Be Da Bo$$,2002-11-26,0,230026,True,Los Angeles Rap,6fAL0j7d6ajQ3vJtm0l6DK,Los Angeles,"g-funk, west coast hip hop, gangster rap, hip hop, old school hip hop, rap",85,15038958,0,,0
4LujRMTMwAfFKjm45tixHY,Straight Outta Compton,N.W.A.,Straight Outta Compton (2002 - Remaster),1988-08-08,1,259226,True,Los Angeles Rap,6fAL0j7d6ajQ3vJtm0l6DK,Los Angeles,"old school hip hop, gangster rap, west coast hip hop, hip hop, rap, g-funk",67,6507230,1,,0
4mSp2FCzwGUN58aurJawQq,Boyz-N-The-Hood,Eazy-E,N.W.A. And Their Family Reunion,2008-01-01,0,337014,True,Los Angeles Rap,6fAL0j7d6ajQ3vJtm0l6DK,Los Angeles,"gangster rap, old school hip hop, west coast hip hop, g-funk",67,6902082,0,,0
2cBOh97kgDenDOdtKhwU9O,6 'N the Mornin',ICE-T,Rhyme Pays,1987,48,224866,True,Los Angeles Rap,6fAL0j7d6ajQ3vJtm0l6DK,Los Angeles,"west coast hip hop, old school hip hop, gangster rap",49,1463028,48,,183
1NtD3sTKz7HKH3fu0xsdjY,Cali Iz Active,Tha Dogg Pound,Cali Iz Active,2006-06-27,0,284200,True,Los Angeles Rap,6fAL0j7d6ajQ3vJtm0l6DK,Los Angeles,"g-funk, west coast hip hop, gangster rap, old school hip hop",54,719646,0,,0
7nYvUtkQMx1v80S2FH2s9J,Regulate,Warren G,Regulate… G Funk Era,1994-06-07,78,248866,True,Los Angeles Rap,6fAL0j7d6ajQ3vJtm0l6DK,Los Angeles,"g-funk, west coast hip hop, old school hip hop, gangster rap",66,2650420,78,,82
6NLLIPKjqFRnbCorRNTEHe,Express Yourself - Remix,N.W.A.,Greatest Hits,1996-07-02,60,261399,True,Los Angeles Rap,6fAL0j7d6ajQ3vJtm0l6DK,Los Angeles,"old school hip hop, gangster rap, west coast hip hop, hip hop, rap, g-funk",67,6507230,60,,184
4Mg3aeA9ZrEZrhL4ANs23u,Hello,Ice Cube,Greatest Hits,2001-12-04,48,231466,True,Los Angeles Rap,6fAL0j7d6ajQ3vJtm0l6DK,Los Angeles,"gangster rap, west coast hip hop, old school hip hop, g-funk",76,10641589,48,,184
31c9IHwCIONmUYW0jL7Riz,HUMBLE.,Kendrick Lamar,HUMBLE.,2017-03-31,3,177604,True,Los Angeles Rap,6fAL0j7d6ajQ3vJtm0l6DK,Los Angeles,"hip hop, west coast hip hop",95,42416659,3,,0
1leLsQMjBo5bILYjyqPcjI,Let's Ride,The Game,Doctor's Advocate (Slidepac),2006,0,237680,True,Los Angeles Rap,6fAL0j7d6ajQ3vJtm0l6DK,Los Angeles,"west coast hip hop, gangster rap, hip hop",73,5114414,0,,0
3qX1dqmDdmMvvfMVfsx4Bh,m.A.A.d city,Kendrick Lamar,"good kid, m.A.A.d city (Deluxe)",2012-10-22,69,350120,True,Los Angeles Rap,6fAL0j7d6ajQ3vJtm0l6DK,Los Angeles,"hip hop, west coast hip hop",95,42416659,69,,181
6S5SJlNXgrUBTLa58NMwGk,2 Of Amerikaz Most Wanted,2Pac,Greatest Hits,1998-01-01,62,246666,True,Los Angeles Rap,6fAL0j7d6ajQ3vJtm0l6DK,Los Angeles,"old school hip hop, gangster rap, west coast hip hop, g-funk, hip hop",82,21792540,62,,184
2ImuQo1g14CTR9hZAZD3aQ,This D.J.,Warren G,Regulate… G Funk Era,1994-06-07,69,203026,True,Los Angeles Rap,6fAL0j7d6ajQ3vJtm0l6DK,Los Angeles,"g-funk, west coast hip hop, old school hip hop, gangster rap",66,2650420,69,,82
65iyI1iybyv5ecsfBHSdUf,Gangsta Nation,Westside Connection,Terrorist Threats,2003-12-09,68,293053,True,Los Angeles Rap,6fAL0j7d6ajQ3vJtm0l6DK,Los Angeles,"west coast hip hop, gangster rap, g-funk, old school hip hop",59,1631509,68,,183
1SWVDBtw6h3tm9OehOkDhv,What's The Difference,Dr. Dre,2001,1999-11-16,78,244200,True,Los Angeles Rap,6fAL0j7d6ajQ3vJtm0l6DK,Los Angeles,"old school hip hop, g-funk, gangster rap, west coast hip hop, hip hop, rap",82,14507793,78,,184
0YHI5hydPPth6J5UOzdLDX,Lay Low,Snoop Dogg,Tha Last Meal,2000,63,223000,True,Los Angeles Rap,6fAL0j7d6ajQ3vJtm0l6DK,Los Angeles,"g-funk, west coast hip hop, gangster rap, hip hop, old school hip hop, rap",85,15038958,63,,184
6o4pWPNJSfWmf9JpD1SgZE,It's Okay (One Blood),The Game,Doctor's Advocate,2006-01-01,0,257600,True,Los Angeles Rap,6fAL0j7d6ajQ3vJtm0l6DK,Los Angeles,"west coast hip hop, gangster rap, hip hop",73,5114414,0,,0
2RM4jf1Xa9zPgMGRDiht8O,"Big Bank feat. 2 Chainz, Big Sean, Nicki Minaj",YG,"Big Bank feat. 2 Chainz, Big Sean, Nicki Minaj",2018-05-25,0,238373,True,Los Angeles Rap,6fAL0j7d6ajQ3vJtm0l6DK,Los Angeles,,76,3462812,0,,0
2Ih217RCGAmyQR68Nn7Cqo,You Know How We Do It,Ice Cube,Lethal Injection,1993-12-07,82,232773,True,Los Angeles Rap,6fAL0j7d6ajQ3vJtm0l6DK,Los Angeles,"gangster rap, west coast hip hop, old school hip hop, g-funk",76,10641589,82,,184
1JkrD47SDpAbyvqKtolcea,"Thotiana (feat. Cardi B, YG) [Remix]",Blueface,"Thotiana (feat. Cardi B, YG) [Remix]",2019-02-18,0,297546,True,Los Angeles Rap,6fAL0j7d6ajQ3vJtm0l6DK,Los Angeles,,66,6834001,0,,0
39xWBHPM4E9MwzEy5gbM7p,Last Time That I Checc'd (feat. YG),Nipsey Hussle,Victory Lap,2018-02-16,65,225573,True,Los Angeles Rap,6fAL0j7d6ajQ3vJtm0l6DK,Los Angeles,west coast hip hop,69,3555254,65,,184
3hhs1XHsWvbH0mP9D1BT2Z,Stop Snitchin,YG,Stop Snitchin,2019-04-24,0,149893,True,Los Angeles Rap,6fAL0j7d6ajQ3vJtm0l6DK,Los Angeles,,76,3462812,0,,0
4FI0rdztOAYJZMupujL5Gp,Fuck You,Dr. Dre,2001,1999-11-16,67,205453,True,Los Angeles Rap,6fAL0j7d6ajQ3vJtm0l6DK,Los Angeles,"old school hip hop, g-funk, gangster rap, west coast hip hop, hip hop, rap",82,14507793,67,,184
2TgPHDU8zPgAvkSLXkHKXR,Vato,Snoop Dogg,Tha Blue Carpet Treatment,2006-01-01,64,284653,True,Los Angeles Rap,6fAL0j7d6ajQ3vJtm0l6DK,Los Angeles,"g-funk, west coast hip hop, gangster rap, hip hop, old school hip hop, rap",85,15038958,64,,184
7AdnYIb786uoKSHUzvksEh,Keep Killin,G Perico,Keep Killin,2021-01-01,49,122928,True,Los Angeles Rap,6fAL0j7d6ajQ3vJtm0l6DK,Los Angeles,"west coast hip hop, g-funk",57,179123,49,,185
3U84GeKG4tUHhimhie1aDK,Big Subwoofer - Single Version,MOUNT WESTMORE,Big Subwoofer,2021-10-20,0,241587,True,Los Angeles Rap,6fAL0j7d6ajQ3vJtm0l6DK,Los Angeles,west coast hip hop,45,75822,0,,0
4qW1ZmuFdrjVBk6cTQENtb,Billie Jean,G Perico,Blue T-Shirt Leaks,2021-05-29,56,163056,True,Los Angeles Rap,6fAL0j7d6ajQ3vJtm0l6DK,Los Angeles,"west coast hip hop, g-funk",57,179123,56,,185
3QlTzofanSqDWywxEzGGE2,Fantastic Voyage,Coolio,It Takes a Thief,1994-07-19,0,334440,False,Los Angeles Rap,6fAL0j7d6ajQ3vJtm0l6DK,Los Angeles,"west coast hip hop, g-funk",72,1719783,0,,0
3vQir0wkIdLGq3Lc4V6J2y,Chin Check,N.W.A.,The Best Of N.W.A: The Strength Of Street Knowledge,2006-12-26,68,221373,True,Los Angeles Rap,6fAL0j7d6ajQ3vJtm0l6DK,Los Angeles,"old school hip hop, gangster rap, west coast hip hop, hip hop, rap, g-funk",67,6507230,68,,178
2sYUGgzQfHQ6lOWzbrny8Z,Red Nation,The Game,The R.E.D. Album,2011-01-01,63,229480,True,Los Angeles Rap,6fAL0j7d6ajQ3vJtm0l6DK,Los Angeles,"west coast hip hop, gangster rap, hip hop",73,5114414,63,,180
1DIXPcTDzTj8ZMHt3PDt8p,Gangsta's Paradise,Coolio,Gangsta's Paradise,1995-11-07,89,240693,False,Los Angeles Rap,6fAL0j7d6ajQ3vJtm0l6DK,Los Angeles,"west coast hip hop, g-funk",72,1719783,89,,185
5CiYxsCieteb5iMjrHAkvV,Sign Language,YG,Sign Language,2021-10-29,42,152009,True,Los Angeles Rap,6fAL0j7d6ajQ3vJtm0l6DK,Los Angeles,,76,3462812,42,,184
2jNvADuYqfT49l2Sl6yOeb,How We Do - Instrumental,The Game,How We Do,2005-02-25,36,244093,False,Los Angeles Rap,6fAL0j7d6ajQ3vJtm0l6DK,Los Angeles,"west coast hip hop, gangster rap, hip hop",73,5114414,36,,179
4heBcjj4Lw3X2sQVFNbLbz,Scared Money (feat. J. Cole and Moneybagg Yo),YG,Scared Money,2022-02-04,57,204285,True,Los Angeles Rap,6fAL0j7d6ajQ3vJtm0l6DK,Los Angeles,,76,3462812,57,,184
5880eYQmXx3c3oD22IljIt,Why We Thugs,Ice Cube,"Laugh Now, Cry Later",2006-01-01,70,224106,True,Los Angeles Rap,6fAL0j7d6ajQ3vJtm0l6DK,Los Angeles,"gangster rap, west coast hip hop, old school hip hop, g-funk",76,10641589,70,,184
19OHDib8Jrqi3o2nm5lzdA,My Nigga,YG,My Krazy Life,2014-03-18,71,235632,True,Los Angeles Rap,6fAL0j7d6ajQ3vJtm0l6DK,Los Angeles,,76,3462812,71,,184
5J2tlvAO38Sf9iZlvtqIIy,Check Yo Self - Remix,Ice Cube,Greatest Hits,2001-12-04,47,255533,True,Los Angeles Rap,6fAL0j7d6ajQ3vJtm0l6DK,Los Angeles,"gangster rap, west coast hip hop, old school hip hop, g-funk",76,10641589,47,,184
1kK6DwzyXJSp58u5HYWwuD,"Go Loko (feat. Tyga, Jon Z)",YG,4REAL 4REAL,2019-05-24,64,299226,True,Los Angeles Rap,6fAL0j7d6ajQ3vJtm0l6DK,Los Angeles,,76,3462812,64,,179
5Sm1X46tna50RstHZvw072,Bitch Please,Snoop Dogg,No Limit Top Dogg,1999-01-01,67,234533,True,Los Angeles Rap,6fAL0j7d6ajQ3vJtm0l6DK,Los Angeles,"g-funk, west coast hip hop, gangster rap, hip hop, old school hip hop, rap",85,15038958,67,,184
2TTDO3TyBiFKILOBER1WF2,"Left, Right",YG,My Krazy Life,2014-03-18,59,232919,True,Los Angeles Rap,6fAL0j7d6ajQ3vJtm0l6DK,Los Angeles,,76,3462812,59,,184
3i1B1PnsfnOQPGVIzhf1lr,"That's My N**** (with Meek Mill, YG & Snoop Dogg)",Meek Mill,"That's My N**** (with Meek Mill, YG & Snoop Dogg) [From Bright: The Album]",2017-12-15,66,199746,True,Los Angeles Rap,6fAL0j7d6ajQ3vJtm0l6DK,Los Angeles,rap,77,8208844,66,,184
4WlJWg84XpItmf5Jov9BEj,Snitches Ain't...,YG,Snitches Ain’t...,2012-01-01,45,220493,True,Los Angeles Rap,6fAL0j7d6ajQ3vJtm0l6DK,Los Angeles,,76,3462812,45,,108
04fX3oTJm5Zucg3Uf9aix0,Fuck Wit Dre Day (And Everybody's Celebratin'),Dr. Dre,The Chronic,1992-12-15,0,292186,True,Los Angeles Rap,6fAL0j7d6ajQ3vJtm0l6DK,Los Angeles,"old school hip hop, g-funk, gangster rap, west coast hip hop, hip hop, rap",82,14507793,0,,0
7ItXHU9yVm8AUkMyo4kffF,"Run (feat. Tyga, 21 Savage & BIA)",YG,Run,2022-06-24,50,237623,True,Los Angeles Rap,6fAL0j7d6ajQ3vJtm0l6DK,Los Angeles,,76,3462812,50,,183
1pjDKRg5WddCDSlG5PXcKy,Let Me Ride,Dr. Dre,The Chronic,1992-12-15,0,261293,True,Los Angeles Rap,6fAL0j7d6ajQ3vJtm0l6DK,Los Angeles,"old school hip hop, g-funk, gangster rap, west coast hip hop, hip hop, rap",82,14507793,0,,0
67ncYmW29pNJJY2yXuLPwT,You Know How We Do It,Ice Cube,Greatest Hits,2001-12-04,71,232786,True,Los Angeles Rap,6fAL0j7d6ajQ3vJtm0l6DK,Los Angeles,"gangster rap, west coast hip hop, old school hip hop, g-funk",76,10641589,71,,184
1T3VPhjkgPm2TZsprzf78z,Bad Intentions,Dr. Dre,The Wash,2001-01-01,53,182240,True,Los Angeles Rap,6fAL0j7d6ajQ3vJtm0l6DK,Los Angeles,"old school hip hop, g-funk, gangster rap, west coast hip hop, hip hop, rap",82,14507793,53,,83
5habTtFTtdeDrMfqzJPHES,SWAG,YG,My Life 4Hunnid,2020-10-02,46,151752,True,Los Angeles Rap,6fAL0j7d6ajQ3vJtm0l6DK,Los Angeles,,76,3462812,46,,184
1cikrStdIjqYJrpM0gfFuo,Hoo-Bangin' (WSCG Style),Westside Connection,Bow Down,1996-10-22,54,238200,True,Los Angeles Rap,6fAL0j7d6ajQ3vJtm0l6DK,Los Angeles,"west coast hip hop, gangster rap, g-funk, old school hip hop",59,1631509,54,,1
1bMLie2mM5foKAiaZz3Xo1,Hussle in the House,Nipsey Hussle,Bullets Ain't Got No Name Vol. 2,2013-09-01,59,200466,True,Los Angeles Rap,6fAL0j7d6ajQ3vJtm0l6DK,Los Angeles,west coast hip hop,69,3555254,59,,185
7ngdkrVQPgP3AoIxUrTpHT,Who Do You Love?,YG,My Krazy Life,2014-03-18,71,233515,True,Los Angeles Rap,6fAL0j7d6ajQ3vJtm0l6DK,Los Angeles,,76,3462812,71,,184
6AI3ezQ4o3HUoP6Dhudph3,Not Like Us,Kendrick Lamar,Not Like Us,2024-05-04,93,274192,True,Los Angeles Rap,6fAL0j7d6ajQ3vJtm0l6DK,Los Angeles,"hip hop, west coast hip hop",95,42416659,93,,183
2hVtGnJeHOo0EqjzYXNFg5,Hussle & Motivate,Nipsey Hussle,Victory Lap,2018-02-16,66,258519,True,Los Angeles Rap,6fAL0j7d6ajQ3vJtm0l6DK,Los Angeles,west coast hip hop,69,3555254,66,,184
0aB0v4027ukVziUGwVGYpG,tv off (feat. lefty gunplay),Kendrick Lamar,GNX,2024-11-22,91,220690,True,Los Angeles Rap,6fAL0j7d6ajQ3vJtm0l6DK,Los Angeles,"hip hop, west coast hip hop",95,42416659,91,,183
1JClFT74TYSXlzpagbmj0S,California Love - Original Version,2Pac,Greatest Hits,1998-01-01,61,285026,False,Los Angeles Rap,6fAL0j7d6ajQ3vJtm0l6DK,Los Angeles,"old school hip hop, gangster rap, west coast hip hop, g-funk, hip hop",82,21792540,61,,184
3ivJymJnoceuUUe7wTP6m4,To Live & Die In L.A.,2Pac,Greatest Hits,1998-01-01,62,272626,True,Songs About Los Angeles,3Ama0o7GOBFDnWR1QhjmBW,Los Angeles,"old school hip hop, gangster rap, west coast hip hop, g-funk, hip hop",82,21792540,62,,184
5bfvQG4NGiTFfUxPdMKrUd,Sin City,The Flying Burrito Brothers,The Gilded Palace Of Sin,1969-02-06,41,249333,False,Songs About Los Angeles,3Ama0o7GOBFDnWR1QhjmBW,Los Angeles,"country rock, alt country, americana, folk rock",42,158013,41,,184
4WEaJQLlhlkOU7YJDLhn7x,Drinking in L.A.,Bran Van 3000,Glee,1997-04-01,63,236066,False,Songs About Los Angeles,3Ama0o7GOBFDnWR1QhjmBW,Los Angeles,,47,52039,63,,185
6tunhVGD8C05MZNjSVIsjw,It Never Rains in Southern California,Albert Hammond,It Never Rains In Southern California,1972-08-16,71,233506,False,Songs About Los Angeles,3Ama0o7GOBFDnWR1QhjmBW,Los Angeles,,57,140534,71,,185
1zlclNkERGFrCxznXOgkD3,Celebrate,Anderson .Paak,Malibu,2016-01-15,53,226186,True,Songs About Los Angeles,3Ama0o7GOBFDnWR1QhjmBW,Los Angeles,,78,2672961,53,,185
1pJHnQCWY4hn8ZWuNJ75jt,I Love L.A.,Randy Newman,Trouble in Paradise,1983-01-12,49,208906,False,Songs About Los Angeles,3Ama0o7GOBFDnWR1QhjmBW,Los Angeles,,63,257249,49,,184
3d9DChrdc6BOeFsbrZ3Is0,Under the Bridge,Red Hot Chili Peppers,Blood Sugar Sex Magik (Deluxe Edition),1991-09-24,88,264306,False,Songs About Los Angeles,3Ama0o7GOBFDnWR1QhjmBW,Los Angeles,"funk rock, alternative rock, rock",86,22696953,88,,172
5cW9OyV8C701YkRENJH5nI,Angeles,Elliott Smith,Either/Or,1997-02-25,0,176826,False,Songs About Los Angeles,3Ama0o7GOBFDnWR1QhjmBW,Los Angeles,singer-songwriter,67,1294570,0,,0
7nYvUtkQMx1v80S2FH2s9J,Regulate,Warren G,Regulate… G Funk Era,1994-06-07,78,248866,True,Songs About Los Angeles,3Ama0o7GOBFDnWR1QhjmBW,Los Angeles,"g-funk, west coast hip hop, old school hip hop, gangster rap",66,2650420,78,,82
5DBEFajBEaHgbbwe7oN0KP,MacArthur Park,Richard Harris,A Tramp Shining,1968-01-01,53,450106,False,Songs About Los Angeles,3Ama0o7GOBFDnWR1QhjmBW,Los Angeles,baroque pop,35,9711,53,,184
2aNLe4KxMByyqjhmVvR3or,Valley Girl,Frank Zappa,Ship Arriving Too Late To Save A Drowning Witch,1982-05-03,42,290533,False,Songs About Los Angeles,3Ama0o7GOBFDnWR1QhjmBW,Los Angeles,"progressive rock, art rock, jazz fusion, psychedelic rock, avant-garde, experimental",58,1010682,42,,169
2fmMPJb5EzZCx8BcNJvVk4,Low Rider,War,Why Can't We Be Friends?,1975-01-01,0,191560,False,Songs About Los Angeles,3Ama0o7GOBFDnWR1QhjmBW,Los Angeles,,64,504476,0,,0
0zLClc0emc6qUeV1p5nc99,No More Parties In LA,Kanye West,The Life Of Pablo,2016-06-10,74,374413,True,Songs About Los Angeles,3Ama0o7GOBFDnWR1QhjmBW,Los Angeles,rap,93,30297065,74,,184
5tVA6TkbaAH9QMITTQRrNv,Free Fallin',Tom Petty,Full Moon Fever,1989-01-01,82,256000,False,Songs About Los Angeles,3Ama0o7GOBFDnWR1QhjmBW,Los Angeles,classic rock,72,2873697,82,,184
5LIQPHemGHo703NWPYSosC,L.A. Freeway,Jerry Jeff Walker,20th Century Masters: The Millennium Collection: Best Of Jerry Jeff Walker,2002-01-01,0,287773,False,Songs About Los Angeles,3Ama0o7GOBFDnWR1QhjmBW,Los Angeles,"texas country, outlaw country, red dirt, country rock, classic country, americana",45,139673,0,,0
7CkKLY5SK1WVzBwYl7G8As,Whittier Blvd,Thee Midniters,In Thee Midnite Hour!!!!,2006-09-01,0,149040,False,Songs About Los Angeles,3Ama0o7GOBFDnWR1QhjmBW,Los Angeles,,39,24302,0,,0
5VbePtZp1at8gH990zVyTI,Hollywood Nights,Bob Seger,Stranger In Town,1978-05-05,68,302626,False,Songs About Los Angeles,3Ama0o7GOBFDnWR1QhjmBW,Los Angeles,classic rock,72,2770219,68,,184
4s6LhHAV5SEsOV0lC2tjvJ,California Dreamin' - Single Version,The Mamas & The Papas,If You Can Believe Your Eyes & Ears,1966-03,82,162373,False,Songs About Los Angeles,3Ama0o7GOBFDnWR1QhjmBW,Los Angeles,folk rock,70,2008664,82,,184
6LgG7yvuD791JlfCMaioPS,Walking In L.A.,Missing Persons,Spring Session M.,1982,50,240533,False,Songs About Los Angeles,3Ama0o7GOBFDnWR1QhjmBW,Los Angeles,"new wave, synthpop",47,178893,50,,184
53duuSwaLOZuIrELvZXqLH,Going Back to Cali - 2014 Remaster,The Notorious B.I.G.,Life After Death (2014 Remastered Edition),1997-03-04,64,307426,True,Songs About Los Angeles,3Ama0o7GOBFDnWR1QhjmBW,Los Angeles,"old school hip hop, gangster rap, east coast hip hop, hip hop",80,12296468,64,,180
4Zucyo10zPhTN0oIIn1i6U,"Love Theme From Chinatown (Main Title) - From The ""Chinatown"" Soundtrack",Jerry Goldsmith,Chinatown (Soundtrack),2011-01-01,43,124040,False,Songs About Los Angeles,3Ama0o7GOBFDnWR1QhjmBW,Los Angeles,soundtrack,52,104646,43,,184
66HLCz8021x20bXxz9nGkG,26 Miles (Santa Catalina),The Four Preps,"The Single Collection, Vol. 1",2007-11-27,36,146000,False,Songs About Los Angeles,3Ama0o7GOBFDnWR1QhjmBW,Los Angeles,doo-wop,29,18321,36,,181
1QoPtpJPMP0Zx8oxd0eDip,Country Boy (You Got Your Feet In L.A.),Glen Campbell,Rhinestone Cowboy (Expanded Edition),1975,44,187375,False,Songs About Los Angeles,3Ama0o7GOBFDnWR1QhjmBW,Los Angeles,classic country,66,572682,44,,184
29jPsVoni1BPmUp2e0A6XO,Fairfax Rag,Harry Nilsson,Harry,1969,0,135013,False,Songs About Los Angeles,3Ama0o7GOBFDnWR1QhjmBW,Los Angeles,"baroque pop, singer-songwriter",59,527751,0,,0
7twcwXwtIqOEmQPCejrSPK,First Of The Gang To Die - Remastered,Morrissey,Morrissey Greatest Hits,2008-01-01,0,217853,False,Songs About Los Angeles,3Ama0o7GOBFDnWR1QhjmBW,Los Angeles,"britpop, madchester, new wave, jangle pop",64,1211798,0,,0
0V0oDdGkkCTLodcuiwQLXm,Cracked Actor - 2013 Remaster,David Bowie,Aladdin Sane (2013 Remaster),1973-04-13,47,181536,False,Songs About Los Angeles,3Ama0o7GOBFDnWR1QhjmBW,Los Angeles,"glam rock, art rock",79,11498251,47,,126
6NFjztoQlq6u1esWPbAhoo,Pico and Sepulveda,Lee Presson and the Nails,El Bando En Fuego!,2002-01-01,15,174373,False,Songs About Los Angeles,3Ama0o7GOBFDnWR1QhjmBW,Los Angeles,swing music,14,1246,15,,185
7FBVG4QrzmjJ8QySg87nnF,The Neighborhood,Los Lobos,Just Another Band From East L.A.: A Collection,1993,13,247573,False,Songs About Los Angeles,3Ama0o7GOBFDnWR1QhjmBW,Los Angeles,roots rock,59,190708,13,,184
6KIKRz9eSTXdNsGUnomdtW,Straight Outta Compton,N.W.A.,Straight Outta Compton,1988-08-08,74,258687,True,Songs About Los Angeles,3Ama0o7GOBFDnWR1QhjmBW,Los Angeles,"old school hip hop, gangster rap, west coast hip hop, hip hop, rap, g-funk",67,6507230,74,,171
4nDSlRawEIMEPJesbUM9eR,Palm Desert,Van Dyke Parks,Song Cycle,1967-12-01,23,190626,False,Songs About Los Angeles,3Ama0o7GOBFDnWR1QhjmBW,Los Angeles,"baroque pop, art pop",33,21168,23,,6
4lQVJHsCpPmXU4B2fniCJV,Rosecrans Blvd.,The 5th Dimension,"Up, Up And Away",1967,14,174000,False,Songs About Los Angeles,3Ama0o7GOBFDnWR1QhjmBW,Los Angeles,,51,319531,14,,185
2P7Sf1V4qKf6W78s0UMb4d,Sleepless In Silverlake,Les Savy Fav,Root for Ruin,2010-08-24,24,221693,False,Songs About Los Angeles,3Ama0o7GOBFDnWR1QhjmBW,Los Angeles,noise rock,30,38154,24,,183
0qzhqOiFtdgX07vI6aaRlf,Sunset and Vine,Waylon Jennings,Waylon Sings Ol' Harlan,1967-03-01,15,127226,False,Songs About Los Angeles,3Ama0o7GOBFDnWR1QhjmBW,Los Angeles,"outlaw country, classic country, country, honky tonk, traditional country",71,1628359,15,,185
4IU1RL4BKvFyXtbTwaHAvW,Ventura Highway,America,Homecoming,1972-01-01,82,211680,False,Songs About Los Angeles,3Ama0o7GOBFDnWR1QhjmBW,Los Angeles,"yacht rock, soft rock, folk rock",75,1986893,82,,184
2k3KuoBgnMp7t0XtQ869WF,The World Began In Eden And Ended In Los Angeles,Phil Ochs,Rehearsals For Retirement,1969,15,185040,False,Songs About Los Angeles,3Ama0o7GOBFDnWR1QhjmBW,Los Angeles,"folk, traditional folk, folk rock, folk punk",41,66809,15,,184
1qmJbXpVLydNcN6VTR40GU,Zoot Suit Riot,Cherry Poppin' Daddies,Zoot Suit Riot,1997-03-18,54,233039,False,Songs About Los Angeles,3Ama0o7GOBFDnWR1QhjmBW,Los Angeles,"swing music, big band, rockabilly, ska, electro swing, ska punk",40,63303,54,,185
7G5WXlwVsmTaubelbL3EYD,Celluloid Heroes,The Kinks,Everybody's in Show-Biz,1972-08-25,0,380186,False,Songs About Los Angeles,3Ama0o7GOBFDnWR1QhjmBW,Los Angeles,"proto-punk, baroque pop",67,2763853,0,,0
7CMww2nlc2THVjJeLOYBrk,Colors - 2014 Remaster,ICE-T,Greatest Hits,2014-04-19,43,266026,False,Songs About Los Angeles,3Ama0o7GOBFDnWR1QhjmBW,Los Angeles,"west coast hip hop, old school hip hop, gangster rap",49,1463028,43,,169
4C0rGNpTIPTCVRiT4XKYMa,Hollywood Forever Cemetery Sings,Father John Misty,Fear Fun,2012-05-01,0,190613,False,Songs About Los Angeles,3Ama0o7GOBFDnWR1QhjmBW,Los Angeles,,70,937822,0,,0
1Oewmmr12xuhgzvUJ9Q0cf,Surf City,Jan & Dean,Surf City And Other Swingin' Cities,2010-01-01,53,147266,False,Songs About Los Angeles,3Ama0o7GOBFDnWR1QhjmBW,Los Angeles,"surf rock, doo-wop",43,120428,53,,184
4QGYzN1eTPaQOaP3hMUUBi,Axel F,Harold Faltermeyer,Synthesizer Greatest 1,2013-02-06,41,177600,False,Songs About Los Angeles,3Ama0o7GOBFDnWR1QhjmBW,Los Angeles,synthpop,57,58586,41,,185
1qRA5BS78u3gME0loMl9AA,For What It's Worth,Buffalo Springfield,Buffalo Springfield,1966-12-05,83,153693,False,Songs About Los Angeles,3Ama0o7GOBFDnWR1QhjmBW,Los Angeles,"folk rock, country rock",66,908700,83,,184
2X0y1mlGBNMGq3XqmRgpRh,Funky Westside,Tone-Loc,Cool Hand Loc,1991-01-01,18,290840,True,Songs About Los Angeles,3Ama0o7GOBFDnWR1QhjmBW,Los Angeles,,53,324312,18,,184
6o9Uo3hcxILnFypdMtJUfj,"Venice, USA",Red Elvises,Lunatics & Poets,2004-02-01,14,279373,False,Songs About Los Angeles,3Ama0o7GOBFDnWR1QhjmBW,Los Angeles,"psychobilly, rockabilly, surf rock",23,9670,14,,185
0x9rBYkStr6bii7Tzl4T82,Hollywood Ending,Sleater-Kinney,One Beat (Remastered),2002,0,198653,False,Songs About Los Angeles,3Ama0o7GOBFDnWR1QhjmBW,Los Angeles,"riot grrrl, queercore",45,277392,0,,0
3kQ5TtlTV1kbibIXNQEf1I,L.A. - 2016 Remaster,Neil Young,Time Fades Away,1973-10-15,29,190453,False,Songs About Los Angeles,3Ama0o7GOBFDnWR1QhjmBW,Los Angeles,"classic rock, folk rock, singer-songwriter, roots rock",74,3247077,29,,184
2MfLn8Q9M9faDqG5x7wSGl,Giggin' Down (103rd) - Remastered Mono Version,Charles Wright & The Watts 103rd Street Rhythm Band,Together (Remastered & Expanded),2007-10-15,4,184346,False,Songs About Los Angeles,3Ama0o7GOBFDnWR1QhjmBW,Los Angeles,,45,39827,4,,184
1j5FDv4I4OWG5CAxiYtsj0,Malibu Beach Nightmare,Hanoi Rocks,Lean On Me,1992-01-01,1,168373,False,Songs About Los Angeles,3Ama0o7GOBFDnWR1QhjmBW,Los Angeles,"glam metal, finnish rock, glam rock",40,95400,1,,0
4MrlZpgfbyPHQ7rl0PDXPR,Still In Hollywood,Concrete Blonde,Concrete Blonde,1986-01-01,38,223640,False,Songs About Los Angeles,3Ama0o7GOBFDnWR1QhjmBW,Los Angeles,surf rock,50,159690,38,,184
7MvQkU9ycC0KoibUzGuzlf,Marina Del Rey,George Strait,Strait From The Heart,1982-01-01,52,183506,False,Songs About Los Angeles,3Ama0o7GOBFDnWR1QhjmBW,Los Angeles,"country, classic country, traditional country, honky tonk",77,4989543,52,,184
2Me9TBqo4vTPkTb8KyvbRe,Memories Of El Monte,The Penguins,Unforgettable Songs,2017-11-22,0,165744,False,Songs About Los Angeles,3Ama0o7GOBFDnWR1QhjmBW,Los Angeles,doo-wop,47,70927,0,,0
3k8Y5IuSdgajwkVOuPWVHd,Nobody Walks In L.A. - Edit,Ashford & Simpson,The Best Of Ashford And Simpson,1993-01-01,11,288800,False,Songs About Los Angeles,3Ama0o7GOBFDnWR1QhjmBW,Los Angeles,"disco, post-disco",46,512248,11,,184
3D9SuXuO1eieSoYTs2EsdH,Pasadena (feat. Asher Roth),Kota the Friend,Paloma Beach,2017-08-23,0,172000,True,Songs About Los Angeles,3Ama0o7GOBFDnWR1QhjmBW,Los Angeles,,60,669154,0,,0
7dcSlYacFNyZThu97HdZLZ,Poor Man's Shangri-La,Ry Cooder,Chávez Ravine,2005-05-29,27,325826,False,Songs About Los Angeles,3Ama0o7GOBFDnWR1QhjmBW,Los Angeles,"blues, country blues, americana, country rock, roots rock",53,324702,27,,184
1o6andfDp61K1KdgPjyxxt,Rampage In L.A.,Mad Professor,Dub Maniacs On The Rampage,1993,7,229041,False,Songs About Los Angeles,3Ama0o7GOBFDnWR1QhjmBW,Los Angeles,"dub, reggae, roots reggae, electrocumbia",45,75033,7,,182
57rF4AwjRnfssXtZ6xcg49,Santa Monica,Bedouin Soundclash,Root Fire,2006-04-25,0,262266,False,Songs About Los Angeles,3Ama0o7GOBFDnWR1QhjmBW,Los Angeles,,45,70432,0,,0
0pBqW7bLA3soohExT1bU8g,Somewhere in My Heart,Aztec Camera,Love,1987-11-01,0,242706,False,Songs About Los Angeles,3Ama0o7GOBFDnWR1QhjmBW,Los Angeles,"jangle pop, new wave",46,143525,0,,0
6jZXAOHmvseRsqxYCbexTJ,Why I Came to California,Leon Ware,Leon Ware,1982,44,250173,False,Songs About Los Angeles,3Ama0o7GOBFDnWR1QhjmBW,Los Angeles,"jazz funk, post-disco",45,43901,44,,184
6RFy604OJYWhf3QFm6M8J3,Topanga Windows,Spirit,Spirit,1968,19,216360,False,Songs About Los Angeles,3Ama0o7GOBFDnWR1QhjmBW,Los Angeles,"acid rock, psychedelic rock, progressive rock",39,118538,19,,183
62buMnGJ9bLrZAV03fGjYc,Two More Bottles of Wine - 2003 Remaster,Emmylou Harris,Quarter Moon in a Ten Cent Town (Expanded & Remastered),1978,49,186333,False,Songs About Los Angeles,3Ama0o7GOBFDnWR1QhjmBW,Los Angeles,"country rock, americana, folk, bluegrass, alt country, classic country, singer-songwriter",61,412726,49,,184
4MjpGsanEmhozcWoJG3jAs,Visions Of LA,Slowdive,Pygmalion,1996-07-23,27,103613,False,Songs About Los Angeles,3Ama0o7GOBFDnWR1QhjmBW,Los Angeles,"shoegaze, dream pop, slowcore",67,1296933,27,,185
6PAGJfVrbxdIhIJmbsDLim,Desperados Under the Eaves,Warren Zevon,Warren Zevon,1976,43,287733,False,Songs About Los Angeles,3Ama0o7GOBFDnWR1QhjmBW,Los Angeles,singer-songwriter,58,439352,43,,172
2K977Czm6Int9TOTWavCOz,Eine Rose aus Santa Monica,Carmela Corren,Die besten deutschen Chart Hits der 60er,2016-05-20,4,169186,False,Songs About Los Angeles,3Ama0o7GOBFDnWR1QhjmBW,Los Angeles,,0,3,4,,185
69bVToynq9mubzE1Ixk45V,Hollywood Calypso,Josephine Premice,Calypso,1957-09-01,5,120893,False,Songs About Los Angeles,3Ama0o7GOBFDnWR1QhjmBW,Los Angeles,"calypso, exotica",12,447,5,,185
6Z6x4V0ulavgEtURm5hYpo,It's Raining Here In Long Beach,Nitty Gritty Dirt Band,Ricochet,1967-01-01,4,139066,False,Songs About Los Angeles,3Ama0o7GOBFDnWR1QhjmBW,Los Angeles,"bluegrass, country rock, country, classic country",64,318957,4,,183
1SKrrGS0g4vdImRrkhbglj,L.A. - Remastered,The Fall,This Nation's Saving Grace (Expanded Edition),1985-09-23,0,251680,False,Songs About Los Angeles,3Ama0o7GOBFDnWR1QhjmBW,Los Angeles,"post-punk, madchester, new wave, deathrock, proto-punk, cold wave",45,207894,0,,0
09WsndW1wqcjbhVPVv1x7M,"Love Theme From "" Bladerunner""",Vangelis,Themes,1989-01-01,0,300560,False,Songs About Los Angeles,3Ama0o7GOBFDnWR1QhjmBW,Los Angeles,new age,62,727836,0,,0
0bT0X9Xg5U10S6YlhkJ9Oi,The House on Highland Ave,The Gun Club,Death Party,1983,0,209160,False,Songs About Los Angeles,3Ama0o7GOBFDnWR1QhjmBW,Los Angeles,"psychobilly, post-punk, deathrock, proto-punk",43,120045,0,,0
6DmfWj5kOa1fX8AwN9byOn,L.A. Woman,The Doors,L.A. Woman,1971-04-19,67,471160,False,Songs About Los Angeles,3Ama0o7GOBFDnWR1QhjmBW,Los Angeles,"psychedelic rock, classic rock, acid rock",75,8661444,67,,170
7vCAPGfk46iIyikreugUay,Coming into Los Angeles - Remastered,Arlo Guthrie,Running Down the Road (Remastered),1969-08-02,48,186506,False,Songs About Los Angeles,3Ama0o7GOBFDnWR1QhjmBW,Los Angeles,"folk, singer-songwriter, folk rock",44,167785,48,,185
15Xdlu0QaiEy3YFTf4xpUA,I Left My Wallet in El Segundo,A Tribe Called Quest,People's Instinctive Travels and the Paths of Rhythm (25th Anniversary Edition),1990-04-17,22,246826,False,Songs About Los Angeles,3Ama0o7GOBFDnWR1QhjmBW,Los Angeles,"jazz rap, east coast hip hop, hip hop, old school hip hop",69,2353092,22,,0
1OI3ZMcABE1U7hnhf9BENL,Bel Air,Lana Del Rey,Paradise,2012-11-09,45,237640,False,Songs About Los Angeles,3Ama0o7GOBFDnWR1QhjmBW,Los Angeles,,92,48679851,45,,25
6vOV8fmbk16LYgL2CQ64ih,Lonesome L.A. Cowboy,New Riders of the Purple Sage,The Adventures Of Panama Red,1973,44,243000,False,Songs About Los Angeles,3Ama0o7GOBFDnWR1QhjmBW,Los Angeles,"country rock, southern rock, jam band, americana",36,110652,44,,185
4Gocbshxvgq7zkhrZpZhJm,Ode to L.A.,The Raveonettes,Pretty In Black,2005-05-03,27,195226,False,Songs About Los Angeles,3Ama0o7GOBFDnWR1QhjmBW,Los Angeles,,46,162896,27,,185
5BYSdRAQ9z91icF1uIXGue,"Los Angeles, I'm Yours",The Decemberists,Her Majesty The Decemberists,2003-09-09,0,257640,False,Songs About Los Angeles,3Ama0o7GOBFDnWR1QhjmBW,Los Angeles,"baroque pop, indie folk",56,635600,0,,0
2QjzjSejaUIHXdhy72DKdU,Hooray for Hollywood (with Frank DeVol & His Orchestra),Doris Day,Hooray For Hollywood - Volume I,1959-01-01,21,151093,False,Songs About Los Angeles,3Ama0o7GOBFDnWR1QhjmBW,Los Angeles,"adult standards, big band",57,496817,21,,185
4A5OgrRxYQ2k1MB30m6Oyy,Los Angeles,X,Los Angeles,1980-04-26,27,144821,False,Songs About Los Angeles,3Ama0o7GOBFDnWR1QhjmBW,Los Angeles,"punk, proto-punk",46,164809,27,,1
4kIYRtgbZyPzAWSFLdlajW,Surfin' Safari - Mono/Remastered 2001,The Beach Boys,Surfin' Safari (Remastered),1962-10-01,61,126640,False,Songs About Los Angeles,3Ama0o7GOBFDnWR1QhjmBW,Los Angeles,baroque pop,79,4961996,61,,184
0XgpiStoxq1IJncYlPrvZ5,Runnin',The Pharcyde,Labcabincalifornia (Deluxe Edition),1995-01-01,69,296266,True,Songs About Los Angeles,3Ama0o7GOBFDnWR1QhjmBW,Los Angeles,"jazz rap, west coast hip hop, old school hip hop, hip hop",62,837814,69,,182
7hIdRDgUBPbqiQ7duhCyux,Carmelita,Warren Zevon,Warren Zevon,1976,52,214746,False,Songs About Los Angeles,3Ama0o7GOBFDnWR1QhjmBW,Los Angeles,singer-songwriter,58,439352,52,,172
0QIX9BS0AUCQcHYvyrsMkV,Blue Jay Way - Remastered 2009,The Beatles,Magical Mystery Tour (Remastered),1967-11-27,54,235066,False,Songs About Los Angeles,3Ama0o7GOBFDnWR1QhjmBW,Los Angeles,"classic rock, psychedelic rock",86,30139226,54,,184
5HxaMB8Kqx17p81RXkeTCR,Alameda,Elliott Smith,Either/Or,1997-02-25,0,223400,False,Songs About Los Angeles,3Ama0o7GOBFDnWR1QhjmBW,Los Angeles,singer-songwriter,67,1294570,0,,0
1Q8BMaKg8czMR2Y6wLlXJf,Ladies of the Canyon,Joni Mitchell,Ladies of the Canyon,1970-03-01,49,212933,False,Songs About Los Angeles,3Ama0o7GOBFDnWR1QhjmBW,Los Angeles,"folk, singer-songwriter, folk rock",65,1608325,49,,185
2CLSHTGF4jYXx2RCz1h0dS,"April 29, 1992 (Miami)",Sublime,Sublime,1996-07-30,63,233266,True,Songs About Los Angeles,3Ama0o7GOBFDnWR1QhjmBW,Los Angeles,"reggae rock, ska punk, ska",77,3273232,63,,184
5n1pVVbb0i1dyNSiZf2irR,99 Miles from L.A.,Art Garfunkel,The Singer,2012-08-28,20,204320,False,Songs About Los Angeles,3Ama0o7GOBFDnWR1QhjmBW,Los Angeles,,49,594080,20,,184
2qOm7ukLyHUXWyR4ZWLwxA,It Was A Good Day,Ice Cube,The Predator,1992-11-17,84,260000,True,Songs About Los Angeles,3Ama0o7GOBFDnWR1QhjmBW,Los Angeles,"gangster rap, west coast hip hop, old school hip hop, g-funk",76,10641589,84,,170
49FnazEfq8HlDdGI3e7KxC,Samba de Los Angeles,Gilberto Gil,Nightingale,1979-01-01,12,200893,False,Songs About Los Angeles,3Ama0o7GOBFDnWR1QhjmBW,Los Angeles,"mpb, bossa nova, forró tradicional, samba, brazilian jazz",68,1482002,12,,185
5LBL89K8kk0uw3tuB7pIFw,L.A. Is My Lady,Frank Sinatra,L.A. Is My Lady,1984-08-01,39,193200,False,Songs About Los Angeles,3Ama0o7GOBFDnWR1QhjmBW,Los Angeles,"christmas, big band, adult standards, swing music, vocal jazz, jazz",79,8156356,39,,184
50mQBN0dArr3QeWQMB3Gku,Beautiful Downtown Burbank,The Harper Valley PTA,Country Gold - Volume 1,1969-01-01,0,172000,False,Songs About Los Angeles,3Ama0o7GOBFDnWR1QhjmBW,Los Angeles,,0,132,0,,0
1UbNBANEWacpom2nZsOXLV,L.A.P.D.,Tashaki Miyaki,The Dream,2017-04-07,4,318798,False,Songs About Los Angeles,3Ama0o7GOBFDnWR1QhjmBW,Los Angeles,,29,14187,4,,183
24M44x9vVlOlXipjJJcAY7,Jus Lyke Compton,DJ Quik,Way 2 Fonky,1992,41,251373,True,Songs About Los Angeles,3Ama0o7GOBFDnWR1QhjmBW,Los Angeles,"g-funk, west coast hip hop, old school hip hop, gangster rap",56,914114,41,,181
3ZpQiJ78LKINrW9SQTgbXd,All I Wanna Do,Sheryl Crow,Tuesday Night Music Club,1993-08-03,78,272106,False,Songs About Los Angeles,3Ama0o7GOBFDnWR1QhjmBW,Los Angeles,,71,1299965,78,,184
6bJuuCtXYiwOcKT9s8uRh8,California Girls - Remix/Remastered 2001,The Beach Boys,Summer Days (And Summer Nights) [Remastered],1965-07-05,68,160360,False,Songs About Los Angeles,3Ama0o7GOBFDnWR1QhjmBW,Los Angeles,baroque pop,79,4961996,68,,184
5bVOX6eyHsML2sB4aMlZEi,Malibu,Hole,Celebrity Skin,1998-01-01,66,230040,False,Songs About Los Angeles,3Ama0o7GOBFDnWR1QhjmBW,Los Angeles,"riot grrrl, grunge",64,1385772,66,,184
6igsoAR6Co9u7Rq3U7mlOD,Hollywood Swinging,Kool & The Gang,Wild And Peaceful,1973-09,61,279933,False,Songs About Los Angeles,3Ama0o7GOBFDnWR1QhjmBW,Los Angeles,"disco, funk",72,2736768,61,,184
0Adu4aOTPATU2IFjXrbTuS,White Punks On Dope,The Tubes,20th Century Masters: The Millennium Collection: Best of The Tubes (Remastered),2000,0,406666,False,Songs About Los Angeles,3Ama0o7GOBFDnWR1QhjmBW,Los Angeles,,47,112756,0,,0
6TU0zW9qJaG53vSa1R57qb,Electrolite,R.E.M.,New Adventures In Hi-Fi,1996-01-01,47,245373,False,Songs About Los Angeles,3Ama0o7GOBFDnWR1QhjmBW,Los Angeles,"jangle pop, alternative rock, rock",76,5193659,47,,184
427SKJm1VAa72tcibl4ir4,Angel City,Motörhead,1916,1991-02-26,30,237120,False,Songs About Los Angeles,3Ama0o7GOBFDnWR1QhjmBW,Los Angeles,"heavy metal, metal, speed metal, hard rock, rock",68,4368891,30,,185
1eRBW1HcyM1zPlxO26cScZ,The Recipe - Bonus Track,Kendrick Lamar,"good kid, m.A.A.d city (Deluxe)",2012,68,352853,True,Songs About Los Angeles,3Ama0o7GOBFDnWR1QhjmBW,Los Angeles,"hip hop, west coast hip hop",95,42416659,68,,2
3QsZY5swH30mnI2E1epfOS,Alta,Ty Segall,Freedom's Goblin,2018-01-26,0,247213,False,Songs About Los Angeles,3Ama0o7GOBFDnWR1QhjmBW,Los Angeles,"garage rock, neo-psychedelic, psychedelic rock",52,336028,0,,0
6qpTh8eRZ4wPycoRZvbWnd,California Sun,The Rivieras,California Sun - the Best of the Rivieras,2016-08-16,46,146133,False,Songs About Los Angeles,3Ama0o7GOBFDnWR1QhjmBW,Los Angeles,"surf rock, doo-wop",34,7831,46,,185
5UQU4mOapsL9ozuojv6TMb,Life in L.A.,Ariel Pink,Worn Copy,2003,0,402880,False,Songs About Los Angeles,3Ama0o7GOBFDnWR1QhjmBW,Los Angeles,neo-psychedelic,49,334786,0,,0
3zxqTbepxLQesm41y2NoE4,California,Grimes,Art Angels,2015-11-06,0,198337,False,Songs About Los Angeles,3Ama0o7GOBFDnWR1QhjmBW,Los Angeles,art pop,70,2573626,0,,0
25Sxs9qvyOv0EdJqc7U2Zd,Bad Night at the Whiskey,The Byrds,Dr. Byrds And Mr. Hyde,1969-03-05,17,203133,False,Songs About Los Angeles,3Ama0o7GOBFDnWR1QhjmBW,Los Angeles,"folk rock, country rock, psychedelic rock, acid rock",57,1062897,17,,185
6zCBk93V8M7fPriZj9i4dd,Redondo Beach,Patti Smith,Horses (Legacy Edition),1975,54,205173,False,Songs About Los Angeles,3Ama0o7GOBFDnWR1QhjmBW,Los Angeles,proto-punk,59,1232253,54,,185
55lIkt8EJD4kJWWjS1R71E,Beverly Glen,Drug Cabin,Wiggle Room,2015-04-07,27,183253,False,Songs About Los Angeles,3Ama0o7GOBFDnWR1QhjmBW,Los Angeles,baroque pop,45,27221,27,,185
4pQbRjgavQZPc00lUr20Q2,Why You'd Want to Live Here,Death Cab for Cutie,The Photo Album,2001,0,284773,False,Songs About Los Angeles,3Ama0o7GOBFDnWR1QhjmBW,Los Angeles,,65,1588360,0,,0
1CQ6Z8BUREMgEfEEhHZ1eu,Hoover Street,Rancid,Life Won't Wait,1998-06-30,33,249733,False,Songs About Los Angeles,3Ama0o7GOBFDnWR1QhjmBW,Los Angeles,"punk, ska punk, ska, skate punk, hardcore punk",60,952601,33,,185
1njcx2WHiRxVN9WjRyCz1O,Reggae Hit L.A.,The Aggrolites,Reggae Hit L.A.,2007-06-05,26,186280,False,Songs About Los Angeles,3Ama0o7GOBFDnWR1QhjmBW,Los Angeles,"ska, rocksteady, ska punk, reggae, reggae rock",38,56991,26,,185
7yokzOJMDlz8WdZz92j33G,City of the Angels,Bill Withers,Naked & Warm,1976-11-06,37,644826,False,Songs About Los Angeles,3Ama0o7GOBFDnWR1QhjmBW,Los Angeles,"soul, classic soul, motown",75,1933858,37,,185
